source URL,target URL
https://norhage.lt/product/10mm-bronse-kanalplast-plater/,https://norhage.lt/produktas/bronzinio-kanalinio-polikarbonato-plokste-2w-arla-10-mm/
https://norhage.lt/product/10mm-polypiu-klar-polycarbonat-doppelstegplatten/,https://norhage.lt/produktas/skaidraus-kanalinio-polikarbonato-plokste-arla-10-mm/
https://norhage.lt/product/16mm-arla-klar-polycarbonat-doppelstegplatten/,https://norhage.lt/produktas/skaidraus-kanalinio-polikarbonato-plokste-arla-16-mm/
https://norhage.lt/product/16mm-standard-storrelse-arla-polykarbonatplater/,https://norhage.lt/produktas/bronzinio-kanalinio-polikarbonato-plokste-6w-arla-16-mm/
https://norhage.lt/product/4mm-standard-storrelse-arla-polykarbonatplater/,https://norhage.lt/produktas/skaidraus-kanalinio-polikarbonato-plokste-arla-4-mm/
https://norhage.lt/product/6mm-standard-storrelse-arla-polykarbonatplater/,https://norhage.lt/produktas/skaidraus-kanalinio-polikarbonato-plokste-arla-6-mm/
https://norhage.lt/product/drivhus-tre-500/,https://norhage.lt/produktas/medinis-siltnamis-tree-500/
https://norhage.lt/product/kanalplast-40mm-polygal-klar-14w-uv1-bredde-123-m/,https://norhage.lt/produktas/skaidraus-kanalinio-polikarbonato-plokste-14w-polygal-40-mm/
https://norhage.lt/product/polykarbonatplater-10mm-arla-2wall-standard-storrelse/,https://norhage.lt/produktas/skaidraus-kanalinio-polikarbonato-plokste-arla-10-mm/
https://norhage.lt/product/polykarbonatplater-10mm-polygal-bronse-standardmal/,https://norhage.lt/produktas/bronzinio-kanalinio-polikarbonato-plokste-2w-polygal-10-mm/
https://norhage.lt/product/polykarbonatplater-16mm-arla-3w-klar-standardmal/,https://norhage.lt/produktas/skaidraus-kanalinio-polikarbonato-plokste-arla-16-mm/
https://norhage.lt/product/polykarbonatplater-16mm-polygal-bronse-standardmal/,https://norhage.lt/produktas/bronzinio-kanalinio-polikarbonato-plokste-x-polygal-16-mm/
https://norhage.lt/product/veggdrivhus-vegg-300/,https://norhage.lt/produktu-kategorija/siltnamiai/
